@r1.1|NC_013124.1-1905,NC_013124.1
@r1.2|NC_013124.1-1905,NC_013124.1
@r2.1|NC_013124.1-1423,NC_013124.1
@r2.2|NC_013124.1-1423,NC_013124.1
@r3.1|NC_013124.1-1019,NC_013124.1
@r3.2|NC_013124.1-1019,NC_013124.1
@r4.1|NC_013124.1-4558,NC_013124.1
@r4.2|NC_013124.1-4558,NC_013124.1
@r5.1|NC_013124.1-544,NC_013124.1
@r5.2|NC_013124.1-544,NC_013124.1
@r6.1|NC_013124.1-1382,NC_013124.1
@r6.2|NC_013124.1-1382,NC_013124.1
@r7.1|NC_013124.1-3062,NC_013124.1
@r7.2|NC_013124.1-3062,NC_013124.1
@r8.1|NC_013124.1-1012,NC_013124.1
@r8.2|NC_013124.1-1012,NC_013124.1
@r9.1|NC_013124.1-3521,NC_013124.1
@r9.2|NC_013124.1-3521,NC_013124.1
@r10.1|NC_013124.1-2666,NC_013124.1
@r10.2|NC_013124.1-2666,NC_013124.1
@r11.1|NC_013124.1-378,NC_013124.1
@r11.2|NC_013124.1-378,NC_013124.1
@r12.1|NC_013124.1-58,NC_013124.1
@r12.2|NC_013124.1-58,NC_013124.1
@r13.1|NC_013124.1-3455,NC_013124.1
@r13.2|NC_013124.1-3455,NC_013124.1
@r14.1|NC_013124.1-2396,NC_013124.1
@r14.2|NC_013124.1-2396,NC_013124.1
@r15.1|NC_013124.1-4084,NC_013124.1
@r15.2|NC_013124.1-4084,NC_013124.1
@r16.1|NC_013124.1-1344,NC_013124.1
@r16.2|NC_013124.1-1344,NC_013124.1
@r17.1|NC_013124.1-3191,NC_013124.1
@r17.2|NC_013124.1-3191,NC_013124.1
@r18.1|NC_013124.1-900,NC_013124.1
@r18.2|NC_013124.1-900,NC_013124.1
@r19.1|NC_013124.1-343,NC_013124.1
@r19.2|NC_013124.1-343,NC_013124.1
@r20.1|NC_013124.1-1395,NC_013124.1
@r20.2|NC_013124.1-1395,NC_013124.1
@r21.1|NC_013124.1-1202,NC_013124.1
@r21.2|NC_013124.1-1202,NC_013124.1
@r22.1|NC_013124.1-2877,NC_013124.1
@r22.2|NC_013124.1-2877,NC_013124.1
@r23.1|NC_013124.1-4586,NC_013124.1
@r23.2|NC_013124.1-4586,NC_013124.1
@r24.1|NC_013124.1-2060,NC_013124.1
@r24.2|NC_013124.1-2060,NC_013124.1
@r25.1|NC_013124.1-3928,NC_013124.1
@r25.2|NC_013124.1-3928,NC_013124.1
@r26.1|NC_013124.1-206,NC_013124.1
@r26.2|NC_013124.1-206,NC_013124.1
@r27.1|NC_013124.1-3821,NC_013124.1
@r27.2|NC_013124.1-3821,NC_013124.1
@r28.1|NC_013124.1-3672,NC_013124.1
@r28.2|NC_013124.1-3672,NC_013124.1
@r29.1|NC_013124.1-2568,NC_013124.1
@r29.2|NC_013124.1-2568,NC_013124.1
@r30.1|NC_013124.1-2924,NC_013124.1
@r30.2|NC_013124.1-2924,NC_013124.1
@r31.1|NC_013124.1-531,NC_013124.1
@r31.2|NC_013124.1-531,NC_013124.1
@r32.1|NC_013124.1-519,NC_013124.1
@r32.2|NC_013124.1-519,NC_013124.1
@r33.1|NC_013124.1-1070,NC_013124.1
@r33.2|NC_013124.1-1070,NC_013124.1
@r34.1|NC_013124.1-153,NC_013124.1
@r34.2|NC_013124.1-153,NC_013124.1
@r35.1|NC_013124.1-2298,NC_013124.1
@r35.2|NC_013124.1-2298,NC_013124.1
@r36.1|NC_013124.1-1948,NC_013124.1
@r36.2|NC_013124.1-1948,NC_013124.1
@r37.1|NC_013124.1-4079,NC_013124.1
@r37.2|NC_013124.1-4079,NC_013124.1
@r38.1|NC_013124.1-1325,NC_013124.1
@r38.2|NC_013124.1-1325,NC_013124.1
@r39.1|NC_013124.1-3649,NC_013124.1
@r39.2|NC_013124.1-3649,NC_013124.1
@r40.1|NC_013124.1-3445,NC_013124.1
@r40.2|NC_013124.1-3445,NC_013124.1
@r41.1|NC_013124.1-3631,NC_013124.1
@r41.2|NC_013124.1-3631,NC_013124.1
@r42.1|NC_013124.1-4688,NC_013124.1
@r42.2|NC_013124.1-4688,NC_013124.1
@r43.1|NC_013124.1-4557,NC_013124.1
@r43.2|NC_013124.1-4557,NC_013124.1
@r44.1|NC_013124.1-4336,NC_013124.1
@r44.2|NC_013124.1-4336,NC_013124.1
@r45.1|NC_013124.1-1392,NC_013124.1
@r45.2|NC_013124.1-1392,NC_013124.1
@r46.1|NC_013124.1-2082,NC_013124.1
@r46.2|NC_013124.1-2082,NC_013124.1
@r47.1|NC_013124.1-3659,NC_013124.1
@r47.2|NC_013124.1-3659,NC_013124.1
@r48.1|NC_013124.1-1530,NC_013124.1
@r48.2|NC_013124.1-1530,NC_013124.1
@r49.1|NC_013124.1-3244,NC_013124.1
@r49.2|NC_013124.1-3244,NC_013124.1
@r50.1|NC_013124.1-2216,NC_013124.1
@r50.2|NC_013124.1-2216,NC_013124.1
@r51.1|NC_013124.1-759,NC_013124.1
@r51.2|NC_013124.1-759,NC_013124.1
@r52.1|NC_013124.1-1208,NC_013124.1
@r52.2|NC_013124.1-1208,NC_013124.1
@r53.1|NC_013124.1-1912,NC_013124.1
@r53.2|NC_013124.1-1912,NC_013124.1
@r54.1|NC_013124.1-1653,NC_013124.1
@r54.2|NC_013124.1-1653,NC_013124.1
@r55.1|NC_013124.1-3879,NC_013124.1
@r55.2|NC_013124.1-3879,NC_013124.1
@r56.1|NC_013124.1-3626,NC_013124.1
@r56.2|NC_013124.1-3626,NC_013124.1
@r57.1|NC_013124.1-516,NC_013124.1
@r57.2|NC_013124.1-516,NC_013124.1
@r58.1|NC_013124.1-1137,NC_013124.1
@r58.2|NC_013124.1-1137,NC_013124.1
@r59.1|NC_013124.1-3630,NC_013124.1
@r59.2|NC_013124.1-3630,NC_013124.1
@r60.1|NC_013124.1-123,NC_013124.1
@r60.2|NC_013124.1-123,NC_013124.1
@r61.1|NC_013124.1-2889,NC_013124.1
@r61.2|NC_013124.1-2889,NC_013124.1
@r62.1|NC_013124.1-2278,NC_013124.1
@r62.2|NC_013124.1-2278,NC_013124.1
@r63.1|NC_013124.1-409,NC_013124.1
@r63.2|NC_013124.1-409,NC_013124.1
@r64.1|NC_013124.1-2536,NC_013124.1
@r64.2|NC_013124.1-2536,NC_013124.1
@r65.1|NC_013124.1-1802,NC_013124.1
@r65.2|NC_013124.1-1802,NC_013124.1
@r66.1|NC_013124.1-1452,NC_013124.1
@r66.2|NC_013124.1-1452,NC_013124.1
@r67.1|NC_013124.1-1278,NC_013124.1
@r67.2|NC_013124.1-1278,NC_013124.1
@r68.1|NC_013124.1-646,NC_013124.1
@r68.2|NC_013124.1-646,NC_013124.1
@r69.1|NC_013124.1-3470,NC_013124.1
@r69.2|NC_013124.1-3470,NC_013124.1
@r70.1|NC_013124.1-178,NC_013124.1
@r70.2|NC_013124.1-178,NC_013124.1
@r71.1|NC_013124.1-4412,NC_013124.1
@r71.2|NC_013124.1-4412,NC_013124.1
@r72.1|NC_013124.1-3678,NC_013124.1
@r72.2|NC_013124.1-3678,NC_013124.1
@r73.1|NC_013124.1-1573,NC_013124.1
@r73.2|NC_013124.1-1573,NC_013124.1
@r74.1|NC_013124.1-2957,NC_013124.1
@r74.2|NC_013124.1-2957,NC_013124.1
@r75.1|NC_013124.1-4454,NC_013124.1
@r75.2|NC_013124.1-4454,NC_013124.1
@r76.1|NC_013124.1-590,NC_013124.1
@r76.2|NC_013124.1-590,NC_013124.1
@r77.1|NC_013124.1-754,NC_013124.1
@r77.2|NC_013124.1-754,NC_013124.1
@r78.1|NC_013124.1-1236,NC_013124.1
@r78.2|NC_013124.1-1236,NC_013124.1
@r79.1|NC_013124.1-1501,NC_013124.1
@r79.2|NC_013124.1-1501,NC_013124.1
@r80.1|NC_013124.1-3026,NC_013124.1
@r80.2|NC_013124.1-3026,NC_013124.1
@r81.1|NC_013124.1-1732,NC_013124.1
@r81.2|NC_013124.1-1732,NC_013124.1
@r82.1|NC_013124.1-3270,NC_013124.1
@r82.2|NC_013124.1-3270,NC_013124.1
@r83.1|NC_013124.1-2387,NC_013124.1
@r83.2|NC_013124.1-2387,NC_013124.1
@r84.1|NC_013124.1-3435,NC_013124.1
@r84.2|NC_013124.1-3435,NC_013124.1
@r85.1|NC_013124.1-2150,NC_013124.1
@r85.2|NC_013124.1-2150,NC_013124.1
@r86.1|NC_013124.1-1915,NC_013124.1
@r86.2|NC_013124.1-1915,NC_013124.1
@r87.1|NC_013124.1-1714,NC_013124.1
@r87.2|NC_013124.1-1714,NC_013124.1
@r88.1|NC_013124.1-278,NC_013124.1
@r88.2|NC_013124.1-278,NC_013124.1
@r89.1|NC_013124.1-2262,NC_013124.1
@r89.2|NC_013124.1-2262,NC_013124.1
@r90.1|NC_013124.1-2626,NC_013124.1
@r90.2|NC_013124.1-2626,NC_013124.1
@r91.1|NC_013124.1-3753,NC_013124.1
@r91.2|NC_013124.1-3753,NC_013124.1
@r92.1|NC_013124.1-2053,NC_013124.1
@r92.2|NC_013124.1-2053,NC_013124.1
@r93.1|NC_013124.1-1955,NC_013124.1
@r93.2|NC_013124.1-1955,NC_013124.1
@r94.1|NC_013124.1-210,NC_013124.1
@r94.2|NC_013124.1-210,NC_013124.1
@r95.1|NC_013124.1-3382,NC_013124.1
@r95.2|NC_013124.1-3382,NC_013124.1
@r96.1|NC_013124.1-1575,NC_013124.1
@r96.2|NC_013124.1-1575,NC_013124.1
@r97.1|NC_013124.1-3291,NC_013124.1
@r97.2|NC_013124.1-3291,NC_013124.1
@r98.1|NC_013124.1-4420,NC_013124.1
@r98.2|NC_013124.1-4420,NC_013124.1
@r99.1|NC_013124.1-2016,NC_013124.1
@r99.2|NC_013124.1-2016,NC_013124.1
@r100.1|NC_013124.1-744,NC_013124.1
@r100.2|NC_013124.1-744,NC_013124.1
